{"cameraMode":{"drawMode":0,"name":"Shaded","section":"Shading Mode"},"sceneLighting":true,"audioPlay":false,"sceneViewState":{"showFog":true,"showMaterialUpdate":true,"showSkybox":true,"showFlares":true,"showImageEffects":true,"showParticleSystems":true},"in2DMode":false,"pivot":{"x":16.833518981933595,"y":-7.314182281494141,"z":17.9436092376709},"rotation":{"x":0.16242536902427674,"y":0.38376373052597048,"z":-0.06876646727323532,"w":0.9064333438873291},"size":33.916465759277347,"orthographic":false}